track_name,tempo_bpm,energy_rms,spectral_centroid
FOCUS.mp3,[99.38401442],0.10985585,2932.8440347776545
NICE BODY.mp3,[103.359375],0.18394154,2358.1795967378057
MOST HIGH.m4a,[117.45383523],0.11181107,1527.0839812863846
EVIL.mp3,[103.359375],0.13078696,2383.8013350176784
